{
  "map": "de_anubis",
  "ct_spawns": [
    [
      -400.0,
      2192.0,
      32.000099
    ],
    [
      -560.0,
      2192.0,
      32.0
    ],
    [
      -476.0,
      2216.0,
      32.0
    ],
    [
      -608.0,
      2120.0,
      32.0
    ],
    [
      -360.0,
      2120.0,
      32.000099
    ],
    [
      -432.0,
      2268.0,
      32.0
    ],
    [
      -212.0,
      2184.0,
      32.0
    ],
    [
      -576.0,
      2252.0,
      32.0
    ],
    [
      -360.0,
      2288.0,
      32.0
    ],
    [
      -192.0,
      2336.0,
      32.0
    ],
    [
      -340.0,
      2216.0,
      32.0
    ],
    [
      -628.0,
      2208.0,
      32.0
    ],
    [
      -284.0,
      2176.0,
      32.0
    ],
    [
      -672.0,
      2152.0,
      32.0
    ],
    [
      -240.0,
      2268.0,
      32.0
    ],
    [
      -292.0,
      2328.0,
      32.0
    ]
  ],
  "t_spawns": [
    [
      -176.0,
      -1696.0,
      16.0
    ],
    [
      -416.0,
      -1696.0,
      16.0
    ],
    [
      -352.0,
      -1640.0,
      16.0
    ],
    [
      -234.0,
      -1503.079956,
      16.0
    ],
    [
      -154.0,
      -1503.079956,
      16.0
    ],
    [
      -384.0,
      -1552.0,
      16.0
    ],
    [
      -328.0,
      -1528.0,
      16.0
    ],
    [
      -264.0,
      -1560.0,
      16.0
    ],
    [
      -248.0,
      -1632.0,
      16.0
    ],
    [
      -144.0,
      -1568.0,
      16.0
    ],
    [
      -128.003998,
      -1632.0,
      16.0
    ],
    [
      -240.0,
      -1696.0,
      16.0
    ],
    [
      -352.0,
      -1696.0,
      16.0
    ],
    [
      -416.0,
      -1608.0,
      16.0
    ],
    [
      -304.0,
      -1608.0,
      16.0
    ],
    [
      -192.0,
      -1608.0,
      16.0
    ]
  ],
  "bomb_targets": [
    [
      1238.0,
      1953.5,
      -186.0
    ],
    [
      -1040.0,
      694.0,
      -2.0
    ]
  ],
  "dm_spawns": [],
  "ent_bounds": {
    "min": [
      -3104.0,
      -3191.0,
      -195.0
    ],
    "max": [
      2696.0,
      4257.0,
      958.7771
    ]
  },
  "spawn_bounds": {
    "min": [
      -672.0,
      -1696.0,
      16.0
    ],
    "max": [
      -128.003998,
      2336.0,
      32.000099
    ]
  }
}