{
  "map": "de_ancient",
  "ct_spawns": [
    [
      -288.0,
      1568.0,
      32.0
    ],
    [
      -224.0,
      1632.0,
      32.0
    ],
    [
      -192.0,
      1696.0,
      32.0
    ],
    [
      -288.0,
      1664.0,
      32.0
    ],
    [
      -256.0,
      1728.0,
      32.0
    ],
    [
      -352.0,
      1632.0,
      32.0
    ],
    [
      -352.0,
      1728.0,
      32.0
    ],
    [
      -416.0,
      1664.0,
      32.0
    ],
    [
      -448.0,
      1728.0,
      32.0
    ],
    [
      -512.0,
      1696.0,
      32.0
    ],
    [
      -480.0,
      1632.0,
      32.0
    ],
    [
      -416.0,
      1568.0,
      32.0
    ]
  ],
  "t_spawns": [
    [
      -456.0,
      -2384.0,
      -156.0
    ],
    [
      -360.0,
      -2384.0,
      -156.0
    ],
    [
      -296.0,
      -2352.0,
      -156.0
    ],
    [
      -552.0,
      -2384.0,
      -156.0
    ],
    [
      -456.0,
      -2448.0,
      -156.0
    ],
    [
      -392.0,
      -2320.0,
      -156.0
    ],
    [
      -328.0,
      -2288.0,
      -156.0
    ],
    [
      -456.0,
      -2288.0,
      -156.0
    ],
    [
      -520.0,
      -2320.0,
      -156.0
    ],
    [
      -584.0,
      -2288.0,
      -156.0
    ],
    [
      -392.0,
      -2224.0,
      -156.0
    ],
    [
      -520.0,
      -2224.0,
      -156.0
    ]
  ],
  "bomb_targets": [
    [
      0.0,
      0.0,
      0.0
    ],
    [
      0.0,
      0.0,
      0.0
    ]
  ],
  "dm_spawns": [],
  "ent_bounds": {
    "min": [
      -2672.0,
      -2728.577393,
      -180.0
    ],
    "max": [
      2221.5,
      2005.932373,
      1536.0
    ]
  },
  "spawn_bounds": {
    "min": [
      -584.0,
      -2448.0,
      -156.0
    ],
    "max": [
      -192.0,
      1728.0,
      32.0
    ]
  }
}