{
  "map": "de_cache",
  "ct_spawns": [
    [
      -1600.283203,
      794.819336,
      1615.776733
    ],
    [
      -1448.283203,
      794.819336,
      1615.776733
    ],
    [
      -1400.283203,
      874.819336,
      1615.776733
    ],
    [
      -1488.283203,
      874.819336,
      1615.776733
    ],
    [
      -1560.283203,
      874.819336,
      1615.776733
    ],
    [
      -1648.283203,
      874.819336,
      1615.776733
    ],
    [
      -1648.283203,
      706.819336,
      1615.776733
    ],
    [
      -1560.283203,
      706.819336,
      1615.776733
    ],
    [
      -1488.283203,
      706.819336,
      1615.776733
    ],
    [
      -1400.283203,
      706.819336,
      1615.776733
    ],
    [
      -1600.283203,
      618.819336,
      1615.776733
    ],
    [
      -1448.283203,
      618.819336,
      1615.776733
    ],
    [
      -1600.283203,
      954.819336,
      1615.776733
    ],
    [
      -1448.283203,
      954.819336,
      1615.776733
    ],
    [
      -1524.283203,
      970.819336,
      1615.776733
    ],
    [
      -1524.283203,
      794.819336,
      1615.776733
    ]
  ],
  "t_spawns": [
    [
      3151.143555,
      62.292786,
      1628.0
    ],
    [
      3224.393555,
      147.542786,
      1628.0
    ],
    [
      3257.643555,
      7.999992,
      1628.0
    ],
    [
      3162.143555,
      -5.000008,
      1628.0
    ],
    [
      3041.768555,
      -21.082214,
      1628.0
    ],
    [
      2949.018555,
      -47.000008,
      1628.0
    ],
    [
      2995.893555,
      -168.0,
      1628.0
    ],
    [
      3094.268555,
      -152.582214,
      1628.0
    ],
    [
      3171.643555,
      -100.832214,
      1628.0
    ],
    [
      2916.768555,
      69.417786,
      1628.0
    ],
    [
      3037.893555,
      66.667786,
      1628.0
    ],
    [
      3077.768555,
      135.917786,
      1628.0
    ],
    [
      3190.518555,
      251.667786,
      1628.0
    ],
    [
      3019.268555,
      225.417786,
      1628.0
    ],
    [
      3078.643555,
      309.542786,
      1628.0
    ],
    [
      2922.518555,
      165.667786,
      1628.0
    ]
  ],
  "bomb_targets": [
    [
      -90.098267,
      -1071.212891,
      1677.0
    ],
    [
      -412.768799,
      2070.5,
      1703.5
    ]
  ],
  "dm_spawns": [],
  "ent_bounds": {
    "min": [
      -2363.768555,
      -2240.0,
      0.0
    ],
    "max": [
      3448.0,
      2824.0,
      2999.0
    ]
  },
  "spawn_bounds": {
    "min": [
      -1648.283203,
      -168.0,
      1615.776733
    ],
    "max": [
      3257.643555,
      970.819336,
      1628.0
    ]
  }
}