{
  "map": "de_dust2",
  "ct_spawns": [
    [
      382.134918,
      2102.437012,
      -109.0
    ],
    [
      454.834656,
      2099.009033,
      -109.0
    ],
    [
      322.361481,
      2165.008057,
      -109.0
    ],
    [
      347.861938,
      2250.738525,
      -109.0
    ],
    [
      421.494202,
      2288.092285,
      -109.0
    ],
    [
      222.911575,
      2286.301025,
      -109.0
    ],
    [
      153.576233,
      2308.428223,
      -109.0
    ],
    [
      264.453705,
      2210.391602,
      -109.0
    ],
    [
      217.633453,
      2134.182129,
      -109.0
    ],
    [
      136.842346,
      2117.158936,
      -109.0
    ],
    [
      182.249908,
      2439.011719,
      -110.0
    ],
    [
      160.122742,
      2369.67627,
      -110.0
    ],
    [
      258.159393,
      2480.553711,
      -110.0
    ],
    [
      334.368744,
      2433.733643,
      -110.0
    ],
    [
      351.39212,
      2352.942383,
      -110.0
    ]
  ],
  "t_spawns": [
    [
      -822.365173,
      -795.64209,
      150.709
    ],
    [
      -857.506531,
      -738.361328,
      150.709
    ],
    [
      -760.662964,
      -836.174011,
      150.709
    ],
    [
      -696.844604,
      -806.623718,
      150.709
    ],
    [
      -657.271362,
      -755.879639,
      150.709
    ],
    [
      -1141.0,
      -808.0,
      150.709
    ],
    [
      -1181.0,
      -754.0,
      150.709
    ],
    [
      -1076.0,
      -843.0,
      150.709
    ],
    [
      -1015.0,
      -808.0,
      150.709
    ],
    [
      -980.0,
      -754.0,
      150.709
    ],
    [
      -493.0,
      -808.0,
      134.709
    ],
    [
      -533.0,
      -754.0,
      134.709
    ],
    [
      -428.0,
      -843.0,
      134.709
    ],
    [
      -367.0,
      -808.0,
      134.709
    ],
    [
      -332.0,
      -754.0,
      134.709
    ]
  ],
  "bomb_targets": [
    [
      0.0,
      0.0,
      0.0
    ],
    [
      0.0,
      0.0,
      0.0
    ]
  ],
  "dm_spawns": [],
  "ent_bounds": {
    "min": [
      -4183.0,
      -1663.010742,
      -281.495636
    ],
    "max": [
      3007.357666,
      3722.0,
      1584.0
    ]
  },
  "spawn_bounds": {
    "min": [
      -1181.0,
      -843.0,
      -110.0
    ],
    "max": [
      454.834656,
      2480.553711,
      150.709
    ]
  }
}