{
  "map": "de_inferno",
  "ct_spawns": [
    [
      2483.560059,
      2299.900146,
      140.843002
    ],
    [
      2436.0,
      2355.0,
      140.843002
    ],
    [
      2479.320068,
      2213.470215,
      140.843002
    ],
    [
      2374.469971,
      2171.850098,
      140.843002
    ],
    [
      2296.679932,
      2199.540039,
      140.843002
    ],
    [
      2493.0,
      2090.0,
      140.843002
    ],
    [
      2456.830078,
      2153.159912,
      140.843002
    ],
    [
      2472.349854,
      2005.969971,
      140.843002
    ],
    [
      2353.0,
      1977.0,
      140.843002
    ],
    [
      2292.060059,
      2027.689941,
      140.843002
    ],
    [
      2438.0,
      1900.0,
      140.843002
    ],
    [
      2420.98999,
      1965.77002,
      140.843002
    ],
    [
      2417.0,
      1824.0,
      140.843002
    ],
    [
      2342.830078,
      1792.109985,
      140.843002
    ],
    [
      2270.0,
      1831.0,
      140.843002
    ],
    [
      2397.0,
      2079.0,
      155.0
    ],
    [
      2272.0,
      608.0,
      160.0
    ],
    [
      2272.0,
      672.0,
      160.0
    ],
    [
      2336.0,
      672.0,
      160.0
    ],
    [
      2336.0,
      608.0,
      160.0
    ]
  ],
  "t_spawns": [
    [
      -1586.52002,
      440.790009,
      -46.0
    ],
    [
      -1520.060059,
      430.890991,
      -46.0
    ],
    [
      -1657.22998,
      419.576996,
      -46.0
    ],
    [
      -1675.619995,
      351.695007,
      -46.0
    ],
    [
      -1662.180054,
      288.761993,
      -46.0
    ],
    [
      -1531.0,
      544.0,
      -46.0
    ],
    [
      -1491.0,
      490.0,
      -46.0
    ],
    [
      -1596.0,
      579.0,
      -46.0
    ],
    [
      -1657.0,
      544.0,
      -46.0
    ],
    [
      -1668.0,
      489.0,
      -46.0
    ],
    [
      -1533.0,
      745.0,
      -24.0
    ],
    [
      -1518.0,
      624.0,
      -24.0
    ],
    [
      -1603.0,
      768.0,
      -24.0
    ],
    [
      -1650.0,
      718.0,
      -24.0
    ],
    [
      -1649.0,
      641.0,
      -24.0
    ],
    [
      -1579.0,
      673.0,
      -40.0
    ],
    [
      591.698975,
      545.0,
      128.0
    ],
    [
      508.699005,
      544.0,
      128.0
    ],
    [
      509.0,
      605.0,
      128.0
    ],
    [
      592.0,
      606.0,
      128.0
    ]
  ],
  "bomb_targets": [
    [
      0.0,
      0.0,
      0.0
    ],
    [
      368.0,
      2776.0,
      192.0
    ]
  ],
  "dm_spawns": [],
  "ent_bounds": {
    "min": [
      -2062.205078,
      -1795.749756,
      -91.348022
    ],
    "max": [
      2831.178223,
      3830.204102,
      1104.0
    ]
  },
  "spawn_bounds": {
    "min": [
      -1675.619995,
      288.761993,
      -46.0
    ],
    "max": [
      2493.0,
      2355.0,
      160.0
    ]
  }
}