{
  "map": "de_mirage",
  "ct_spawns": [
    [
      -1776.0,
      -1976.0,
      -240.0
    ],
    [
      -1976.0,
      -1812.0,
      -272.0
    ],
    [
      -1972.0,
      -1988.0,
      -264.0
    ],
    [
      -1776.0,
      -1800.0,
      -240.0
    ],
    [
      -1902.0,
      -1816.0,
      -240.0
    ],
    [
      -1902.0,
      -1976.0,
      -240.0
    ],
    [
      -1957.0,
      -1898.0,
      -262.0
    ],
    [
      -1632.0,
      -2072.0,
      -240.0
    ],
    [
      -1598.0,
      -1732.0,
      -240.0
    ],
    [
      -1608.0,
      -1888.0,
      -240.0
    ],
    [
      -1830.0,
      -1896.0,
      -240.0
    ],
    [
      -1552.0,
      -1808.0,
      -240.0
    ],
    [
      -1720.0,
      -1896.0,
      -240.0
    ],
    [
      -1656.0,
      -1800.0,
      -240.0
    ],
    [
      -1656.0,
      -1976.0,
      -240.0
    ],
    [
      -1552.0,
      -1968.0,
      -240.0
    ]
  ],
  "t_spawns": [
    [
      1376.0,
      -304.0,
      -144.0
    ],
    [
      1376.0,
      -208.0,
      -144.0
    ],
    [
      1376.0,
      -112.0,
      -144.0
    ],
    [
      1376.0,
      -16.0,
      -144.0
    ],
    [
      1296.0,
      -352.0,
      -144.0
    ],
    [
      1296.0,
      -256.0,
      -144.0
    ],
    [
      1296.0,
      -160.0,
      -144.0
    ],
    [
      1296.0,
      -64.0,
      -144.0
    ],
    [
      1296.0,
      32.0,
      -144.0
    ],
    [
      1216.0,
      -16.0,
      -144.0
    ],
    [
      1216.0,
      -115.0,
      -144.0
    ],
    [
      1216.0,
      -211.0,
      -144.0
    ],
    [
      1216.0,
      -307.0,
      -144.0
    ],
    [
      1136.0,
      -256.0,
      -144.0
    ],
    [
      1136.0,
      -160.0,
      -144.0
    ],
    [
      1136.0,
      -64.0,
      -144.0
    ],
    [
      1136.0,
      32.0,
      -144.0
    ]
  ],
  "bomb_targets": [
    [
      0.0,
      0.0,
      0.0
    ],
    [
      0.0,
      0.0,
      0.0
    ]
  ],
  "dm_spawns": [],
  "ent_bounds": {
    "min": [
      -4088.0,
      -2842.0,
      -362.070709
    ],
    "max": [
      1524.119507,
      2048.0,
      832.0
    ]
  },
  "spawn_bounds": {
    "min": [
      -1976.0,
      -2072.0,
      -272.0
    ],
    "max": [
      1376.0,
      32.0,
      -144.0
    ]
  }
}