{
  "map": "de_nuke",
  "ct_spawns": [
    [
      2323.0,
      -411.0,
      -335.0
    ],
    [
      2504.0,
      -344.0,
      -335.0
    ],
    [
      2430.850098,
      -370.582001,
      -335.0
    ],
    [
      2552.0,
      -424.0,
      -335.0
    ],
    [
      2512.0,
      -504.0,
      -335.0
    ],
    [
      2440.0,
      -496.0,
      -335.0
    ],
    [
      2351.0,
      -352.0,
      -335.0
    ],
    [
      2280.0,
      -336.0,
      -335.0
    ],
    [
      2399.0,
      -440.0,
      -335.0
    ],
    [
      2343.0,
      -488.0,
      -335.0
    ],
    [
      2280.0,
      -496.0,
      -335.0
    ],
    [
      2656.0,
      -360.0,
      -335.0
    ],
    [
      2585.0,
      -344.0,
      -335.0
    ],
    [
      2704.0,
      -416.0,
      -335.0
    ],
    [
      2664.0,
      -496.0,
      -335.0
    ],
    [
      2584.0,
      -504.0,
      -335.0
    ],
    [
      812.059814,
      71.994751,
      -404.0
    ],
    [
      748.059814,
      71.994751,
      -404.0
    ],
    [
      748.059814,
      135.994751,
      -404.0
    ],
    [
      812.059814,
      135.994751,
      -404.0
    ]
  ],
  "t_spawns": [
    [
      -1808.0,
      -1025.0,
      -400.634003
    ],
    [
      -2001.01001,
      -973.109985,
      -400.634003
    ],
    [
      -1947.01001,
      -965.109985,
      -400.634003
    ],
    [
      -2036.01001,
      -1038.109985,
      -400.634003
    ],
    [
      -2001.01001,
      -1099.109985,
      -400.634003
    ],
    [
      -1947.01001,
      -1102.109985,
      -400.634003
    ],
    [
      -2134.0,
      -968.0,
      -400.634003
    ],
    [
      -2072.0,
      -960.0,
      -400.634003
    ],
    [
      -2097.0,
      -1033.0,
      -400.634003
    ],
    [
      -2134.0,
      -1094.0,
      -400.634003
    ],
    [
      -2072.0,
      -1097.0,
      -400.634003
    ],
    [
      -1878.0,
      -980.0,
      -400.634003
    ],
    [
      -1832.0,
      -1160.0,
      -400.634003
    ],
    [
      -1929.0,
      -1025.0,
      -400.634003
    ],
    [
      -1874.0,
      -1076.0,
      -400.634003
    ],
    [
      -1808.0,
      -1089.0,
      -400.634003
    ],
    [
      1493.979492,
      -2115.966797,
      -616.0
    ],
    [
      1554.979492,
      -2116.267822,
      -616.0
    ],
    [
      1555.979492,
      -2199.267822,
      -616.0
    ],
    [
      1494.979492,
      -2198.966797,
      -616.0
    ]
  ],
  "bomb_targets": [
    [
      0.0,
      0.0,
      0.0
    ],
    [
      0.0,
      0.0,
      0.0
    ]
  ],
  "dm_spawns": [],
  "ent_bounds": {
    "min": [
      -4096.0,
      -5276.5,
      -1058.998657
    ],
    "max": [
      6483.330078,
      1288.0,
      840.940002
    ]
  },
  "spawn_bounds": {
    "min": [
      -2134.0,
      -2199.267822,
      -616.0
    ],
    "max": [
      2704.0,
      135.994751,
      -335.0
    ]
  }
}