{
  "map": "de_overpass",
  "ct_spawns": [
    [
      -2199.0,
      740.0,
      496.0
    ],
    [
      -2105.0,
      772.0,
      496.0
    ],
    [
      -2404.0,
      652.0,
      496.0
    ],
    [
      -2326.0,
      948.0,
      496.0
    ],
    [
      -2250.0,
      933.0,
      496.0
    ],
    [
      -2084.0,
      862.0,
      496.0
    ],
    [
      -2273.0,
      770.0,
      496.0
    ],
    [
      -2371.0,
      726.0,
      496.0
    ],
    [
      -2418.0,
      824.0,
      496.0
    ],
    [
      -2343.0,
      797.0,
      496.0
    ],
    [
      -2190.0,
      817.0,
      496.0
    ],
    [
      -2292.0,
      692.0,
      496.0
    ],
    [
      -2332.0,
      620.0,
      496.0
    ],
    [
      -2164.0,
      900.0,
      496.0
    ],
    [
      -2275.0,
      842.0,
      496.0
    ],
    [
      -2359.0,
      875.0,
      496.0
    ],
    [
      -1824.790039,
      829.195984,
      136.0
    ],
    [
      -1760.790039,
      829.195984,
      136.0
    ],
    [
      -1760.790039,
      765.195984,
      136.0
    ],
    [
      -1824.790039,
      765.195984,
      136.0
    ]
  ],
  "t_spawns": [
    [
      -1387.0,
      -3342.0,
      292.0
    ],
    [
      -1620.0,
      -3176.0,
      306.0
    ],
    [
      -1531.0,
      -3252.0,
      298.164337
    ],
    [
      -1533.0,
      -3183.0,
      290.342194
    ],
    [
      -1331.0,
      -3190.0,
      272.0
    ],
    [
      -1448.0,
      -3076.0,
      272.228729
    ],
    [
      -1271.0,
      -3262.0,
      270.0
    ],
    [
      -1571.0,
      -3127.0,
      306.0
    ],
    [
      -1453.0,
      -3335.0,
      297.951538
    ],
    [
      -1499.0,
      -3126.0,
      284.0
    ],
    [
      -1510.397949,
      -3053.881836,
      282.146362
    ],
    [
      -1327.0,
      -3262.0,
      278.0
    ],
    [
      -1395.0,
      -3190.0,
      280.415527
    ],
    [
      -1391.0,
      -3262.0,
      292.0
    ],
    [
      -1459.0,
      -3262.0,
      297.51297
    ],
    [
      -1363.0,
      -3122.0,
      268.0
    ],
    [
      -1385.0,
      -3401.0,
      298.958527
    ],
    [
      -1311.0,
      -3334.0,
      283.747467
    ],
    [
      -1463.0,
      -3190.0,
      288.0
    ],
    [
      -1422.387085,
      -3129.729248,
      277.465607
    ],
    [
      -723.228027,
      -2555.100098,
      177.130997
    ],
    [
      -766.14801,
      -2511.75,
      177.130997
    ],
    [
      -824.127991,
      -2571.149902,
      177.130997
    ],
    [
      -781.208008,
      -2614.48999,
      177.130997
    ]
  ],
  "bomb_targets": [
    [
      0.0,
      0.0,
      4.0
    ],
    [
      0.0,
      0.0,
      4.0
    ]
  ],
  "dm_spawns": [],
  "ent_bounds": {
    "min": [
      -5932.0,
      -4470.0,
      -499.0
    ],
    "max": [
      4236.0,
      1986.0,
      1026.0
    ]
  },
  "spawn_bounds": {
    "min": [
      -2418.0,
      -3401.0,
      136.0
    ],
    "max": [
      -723.228027,
      948.0,
      496.0
    ]
  }
}