{
  "map": "de_train",
  "ct_spawns": [
    [
      1502.0,
      -1489.0,
      -306.0
    ],
    [
      1368.0,
      -1337.0,
      -306.0
    ],
    [
      1434.0,
      -1158.0,
      -306.0
    ],
    [
      1532.0,
      -1158.0,
      -306.0
    ],
    [
      1407.0,
      -1408.0,
      -306.0
    ],
    [
      1392.0,
      -1504.0,
      -306.0
    ],
    [
      1378.0,
      -1244.0,
      -306.0
    ],
    [
      1552.0,
      -1232.0,
      -306.0
    ],
    [
      1456.0,
      -1328.0,
      -306.0
    ],
    [
      1542.0,
      -1336.0,
      -306.0
    ],
    [
      1600.0,
      -1440.0,
      -306.0
    ],
    [
      1496.0,
      -1424.0,
      -306.0
    ],
    [
      1342.0,
      -1431.0,
      -322.0
    ],
    [
      1462.0,
      -1226.0,
      -306.0
    ]
  ],
  "t_spawns": [
    [
      -1784.0,
      1204.0,
      -161.110001
    ],
    [
      -2033.0,
      1362.233154,
      -161.110001
    ],
    [
      -1925.0,
      1394.0,
      -161.110001
    ],
    [
      -1886.542603,
      1318.233154,
      -161.110001
    ],
    [
      -1916.0,
      1456.233154,
      -161.110001
    ],
    [
      -2000.0,
      1434.233154,
      -152.0
    ],
    [
      -1872.0,
      1210.0,
      -161.110001
    ],
    [
      -1850.0,
      1256.0,
      -161.110001
    ],
    [
      -1758.0,
      1288.0,
      -161.110001
    ],
    [
      -1704.0,
      1358.0,
      -161.110001
    ],
    [
      -1806.0,
      1358.0,
      -161.110001
    ],
    [
      -1760.04248,
      1425.233154,
      -161.110001
    ],
    [
      -1844.04248,
      1422.0,
      -161.110001
    ],
    [
      -1955.0,
      1326.0,
      -161.110001
    ]
  ],
  "bomb_targets": [
    [
      -30.0,
      -1296.0,
      -310.0
    ],
    [
      400.0,
      -120.0,
      -176.0
    ]
  ],
  "dm_spawns": [],
  "ent_bounds": {
    "min": [
      -2697.0,
      -2492.0,
      -464.0
    ],
    "max": [
      3070.0,
      3372.0,
      1083.0
    ]
  },
  "spawn_bounds": {
    "min": [
      -2033.0,
      -1504.0,
      -322.0
    ],
    "max": [
      1600.0,
      1456.233154,
      -152.0
    ]
  }
}