{
  "map": "de_vertigo",
  "ct_spawns": [
    [
      -1031.316772,
      861.967102,
      11789.0
    ],
    [
      -1085.993774,
      813.931458,
      11789.0
    ],
    [
      -944.853882,
      858.47937,
      11789.0
    ],
    [
      -903.643921,
      779.095886,
      11789.0
    ],
    [
      -930.662537,
      701.07666,
      11789.0
    ],
    [
      -860.143616,
      940.282043,
      11789.0
    ],
    [
      -929.631409,
      918.638428,
      11789.0
    ],
    [
      -782.574402,
      901.928223,
      11789.0
    ],
    [
      -777.215393,
      812.646179,
      11789.0
    ],
    [
      -833.631409,
      752.361572,
      11789.0
    ],
    [
      -1165.938232,
      778.859741,
      11789.0
    ],
    [
      -1103.357544,
      741.702637,
      11789.0
    ],
    [
      -1189.339722,
      862.16864,
      11789.0
    ],
    [
      -1126.576172,
      925.892456,
      11789.0
    ],
    [
      -1044.026245,
      924.305481,
      11789.0
    ]
  ],
  "t_spawns": [
    [
      -1405.827515,
      -1455.428223,
      11505.0
    ],
    [
      -1467.468506,
      -1428.662842,
      11505.0
    ],
    [
      -1332.035889,
      -1453.239136,
      11505.0
    ],
    [
      -1296.708374,
      -1392.428223,
      11505.0
    ],
    [
      -1293.397461,
      -1328.162842,
      11505.0
    ],
    [
      -1317.484619,
      -1271.850952,
      11505.0
    ],
    [
      -1359.29187,
      -1324.464233,
      11505.0
    ],
    [
      -1300.500488,
      -1200.00708,
      11505.0
    ],
    [
      -1350.095825,
      -1150.144287,
      11505.0
    ],
    [
      -1411.314453,
      -1130.31311,
      11505.0
    ],
    [
      -1502.571777,
      -1360.827515,
      11505.0
    ],
    [
      -1569.337158,
      -1368.468506,
      11505.0
    ],
    [
      -1439.760864,
      -1322.035889,
      11505.0
    ],
    [
      -1439.571777,
      -1251.708374,
      11505.0
    ],
    [
      -1468.837158,
      -1194.397461,
      11505.0
    ]
  ],
  "bomb_targets": [
    [
      -293.5,
      -621.0,
      11791.5
    ],
    [
      -2248.0,
      797.5,
      11758.0
    ]
  ],
  "dm_spawns": [],
  "ent_bounds": {
    "min": [
      -3130.0,
      -2010.0,
      -288.0
    ],
    "max": [
      3287.0,
      2304.0,
      14336.0
    ]
  },
  "spawn_bounds": {
    "min": [
      -1569.337158,
      -1455.428223,
      11505.0
    ],
    "max": [
      -777.215393,
      940.282043,
      11789.0
    ]
  }
}